{"epoch": 1, "batch": 10, "loss": 2.2746015071868895, "training_accuracy": 15.29296875}
{"epoch": 1, "batch": 20, "loss": 2.0043288588523867, "training_accuracy": 34.19921875}
{"epoch": 1, "batch": 30, "loss": 1.381213331222534, "training_accuracy": 55.5859375}
{"epoch": 1, "batch": 40, "loss": 1.0196224629878998, "training_accuracy": 67.03125}
{"epoch": 1, "batch": 50, "loss": 0.799242103099823, "training_accuracy": 74.82421875}
{"epoch": 1, "batch": 60, "loss": 0.5770506024360657, "training_accuracy": 82.1875}
{"epoch": 1, "batch": 70, "loss": 0.4698633670806885, "training_accuracy": 85.37109375}
{"epoch": 1, "batch": 80, "loss": 0.3722100079059601, "training_accuracy": 88.92578125}
{"epoch": 1, "batch": 90, "loss": 0.3186053365468979, "training_accuracy": 90.09765625}
{"epoch": 1, "batch": 100, "loss": 0.2940570905804634, "training_accuracy": 90.95703125}
{"epoch": 1, "batch": 110, "loss": 0.257719624042511, "training_accuracy": 92.28515625}
{"epoch": 2, "batch": 10, "loss": 0.23341882675886155, "training_accuracy": 93.0859375}
{"epoch": 2, "batch": 20, "loss": 0.20204748064279557, "training_accuracy": 94.08203125}
{"epoch": 2, "batch": 30, "loss": 0.15616124123334885, "training_accuracy": 95.64453125}
{"epoch": 2, "batch": 40, "loss": 0.14967484399676323, "training_accuracy": 95.546875}
{"epoch": 2, "batch": 50, "loss": 0.1816646195948124, "training_accuracy": 94.47265625}
{"epoch": 2, "batch": 60, "loss": 0.16154867485165597, "training_accuracy": 95.44921875}
{"epoch": 2, "batch": 70, "loss": 0.16046653389930726, "training_accuracy": 95.25390625}
{"epoch": 2, "batch": 80, "loss": 0.13805593624711038, "training_accuracy": 95.87890625}
{"epoch": 2, "batch": 90, "loss": 0.13554204106330872, "training_accuracy": 95.99609375}
{"epoch": 2, "batch": 100, "loss": 0.12205417454242706, "training_accuracy": 96.50390625}
{"epoch": 2, "batch": 110, "loss": 0.13234504610300063, "training_accuracy": 96.42578125}
{"epoch": 3, "batch": 10, "loss": 0.1018376886844635, "training_accuracy": 97.01171875}
{"epoch": 3, "batch": 20, "loss": 0.12684654369950293, "training_accuracy": 96.328125}
{"epoch": 3, "batch": 30, "loss": 0.11451626196503639, "training_accuracy": 96.484375}
{"epoch": 3, "batch": 40, "loss": 0.09572416618466377, "training_accuracy": 97.2265625}
{"epoch": 3, "batch": 50, "loss": 0.10155076012015343, "training_accuracy": 97.05078125}
{"epoch": 3, "batch": 60, "loss": 0.09321250393986702, "training_accuracy": 97.32421875}
{"epoch": 3, "batch": 70, "loss": 0.09203656874597073, "training_accuracy": 97.32421875}
{"epoch": 3, "batch": 80, "loss": 0.08916860818862915, "training_accuracy": 97.421875}
{"epoch": 3, "batch": 90, "loss": 0.09865156337618827, "training_accuracy": 97.24609375}
{"epoch": 3, "batch": 100, "loss": 0.10029349625110626, "training_accuracy": 97.421875}
{"epoch": 3, "batch": 110, "loss": 0.0959945946931839, "training_accuracy": 97.0703125}
{"epoch": 4, "batch": 10, "loss": 0.06937346048653126, "training_accuracy": 98.0859375}
{"epoch": 4, "batch": 20, "loss": 0.07582671158015727, "training_accuracy": 97.51953125}
{"epoch": 4, "batch": 30, "loss": 0.09604559987783431, "training_accuracy": 97.34375}
{"epoch": 4, "batch": 40, "loss": 0.0808815449476242, "training_accuracy": 97.63671875}
{"epoch": 4, "batch": 50, "loss": 0.08585894480347633, "training_accuracy": 97.3828125}
{"epoch": 4, "batch": 60, "loss": 0.08235898986458778, "training_accuracy": 97.51953125}
{"epoch": 4, "batch": 70, "loss": 0.089274662733078, "training_accuracy": 97.421875}
{"epoch": 4, "batch": 80, "loss": 0.09428072459995747, "training_accuracy": 97.265625}
{"epoch": 4, "batch": 90, "loss": 0.07888577468693256, "training_accuracy": 97.71484375}
{"epoch": 4, "batch": 100, "loss": 0.07557782121002674, "training_accuracy": 98.02734375}
{"epoch": 4, "batch": 110, "loss": 0.06831414215266704, "training_accuracy": 97.83203125}
{"epoch": 5, "batch": 10, "loss": 0.06549007669091225, "training_accuracy": 97.96875}
{"epoch": 5, "batch": 20, "loss": 0.068017365783453, "training_accuracy": 98.02734375}
{"epoch": 5, "batch": 30, "loss": 0.0649448961019516, "training_accuracy": 97.96875}
{"epoch": 5, "batch": 40, "loss": 0.057461532205343245, "training_accuracy": 98.3984375}
{"epoch": 5, "batch": 50, "loss": 0.06314466409385204, "training_accuracy": 98.22265625}
{"epoch": 5, "batch": 60, "loss": 0.05144992806017399, "training_accuracy": 98.33984375}
{"epoch": 5, "batch": 70, "loss": 0.060599112138152125, "training_accuracy": 98.14453125}
{"epoch": 5, "batch": 80, "loss": 0.05479196943342686, "training_accuracy": 98.45703125}
{"epoch": 5, "batch": 90, "loss": 0.07225848101079464, "training_accuracy": 98.0078125}
{"epoch": 5, "batch": 100, "loss": 0.06477700173854828, "training_accuracy": 98.06640625}
{"epoch": 5, "batch": 110, "loss": 0.061747337505221364, "training_accuracy": 98.14453125}
{"epoch": 6, "batch": 10, "loss": 0.05427742339670658, "training_accuracy": 98.359375}
{"epoch": 6, "batch": 20, "loss": 0.052938740327954294, "training_accuracy": 98.4765625}
{"epoch": 6, "batch": 30, "loss": 0.04920080676674843, "training_accuracy": 98.57421875}
{"epoch": 6, "batch": 40, "loss": 0.047568697668612006, "training_accuracy": 98.57421875}
{"epoch": 6, "batch": 50, "loss": 0.06247047036886215, "training_accuracy": 98.2421875}
{"epoch": 6, "batch": 60, "loss": 0.05660737045109272, "training_accuracy": 98.28125}
{"epoch": 6, "batch": 70, "loss": 0.05489836148917675, "training_accuracy": 98.3203125}
{"epoch": 6, "batch": 80, "loss": 0.043449779599905015, "training_accuracy": 98.7109375}
{"epoch": 6, "batch": 90, "loss": 0.05440809465944767, "training_accuracy": 98.4765625}
{"epoch": 6, "batch": 100, "loss": 0.07258667014539241, "training_accuracy": 97.8125}
{"epoch": 6, "batch": 110, "loss": 0.05794197879731655, "training_accuracy": 98.359375}
{"epoch": 7, "batch": 10, "loss": 0.04791740626096726, "training_accuracy": 98.59375}
{"epoch": 7, "batch": 20, "loss": 0.04191718026995659, "training_accuracy": 98.76953125}
{"epoch": 7, "batch": 30, "loss": 0.049669281020760535, "training_accuracy": 98.45703125}
{"epoch": 7, "batch": 40, "loss": 0.049010937474668025, "training_accuracy": 98.59375}
{"epoch": 7, "batch": 50, "loss": 0.051190825179219246, "training_accuracy": 98.4765625}
{"epoch": 7, "batch": 60, "loss": 0.04229698609560728, "training_accuracy": 98.69140625}
{"epoch": 7, "batch": 70, "loss": 0.049243034608662126, "training_accuracy": 98.7890625}
{"epoch": 7, "batch": 80, "loss": 0.036965266615152356, "training_accuracy": 98.9453125}
{"epoch": 7, "batch": 90, "loss": 0.048394886590540406, "training_accuracy": 98.671875}
{"epoch": 7, "batch": 100, "loss": 0.04337593782693148, "training_accuracy": 98.7109375}
{"epoch": 7, "batch": 110, "loss": 0.0412958899512887, "training_accuracy": 98.828125}
{"epoch": 8, "batch": 10, "loss": 0.049971402063965796, "training_accuracy": 98.57421875}
{"epoch": 8, "batch": 20, "loss": 0.05504017844796181, "training_accuracy": 98.3203125}
{"epoch": 8, "batch": 30, "loss": 0.048400469869375226, "training_accuracy": 98.515625}
{"epoch": 8, "batch": 40, "loss": 0.0472562950104475, "training_accuracy": 98.69140625}
{"epoch": 8, "batch": 50, "loss": 0.03920974470674991, "training_accuracy": 98.88671875}
{"epoch": 8, "batch": 60, "loss": 0.048063763231039044, "training_accuracy": 98.359375}
{"epoch": 8, "batch": 70, "loss": 0.037292771972715855, "training_accuracy": 98.84765625}
{"epoch": 8, "batch": 80, "loss": 0.034109104052186014, "training_accuracy": 98.9453125}
{"epoch": 8, "batch": 90, "loss": 0.04078074842691422, "training_accuracy": 98.8671875}
{"epoch": 8, "batch": 100, "loss": 0.04544271342456341, "training_accuracy": 98.8671875}
{"epoch": 8, "batch": 110, "loss": 0.03829545993357897, "training_accuracy": 98.8671875}
{"epoch": 9, "batch": 10, "loss": 0.03809559252113104, "training_accuracy": 98.7890625}
{"epoch": 9, "batch": 20, "loss": 0.052434122934937474, "training_accuracy": 98.671875}
{"epoch": 9, "batch": 30, "loss": 0.034803463891148564,